,,,,,,,,,,,,,,,,,,,,,,,,,,,,,,,,,,,,,,,,,,,,,,,,,,,,,,,,,,,,,,,,,,,,,,,,,,,,,,,,,,,,,,,,,
,,,,,,,,,,,,,,,,,,,,,,,,,,,,,,,,,,,,,,,,,,,,,,,,,,,,,,,,,,,,,,,,,,,,,,,,,,,,,,,,,,,,,,,,,
,,,,,,,,,,,,,,,,,,,,,,,,,,,,,,,,,,,,,,,,,,,,,,,,,,,,,,,,,,,,,,,,,,,,,,,,,,,,,,,,,,,,,,,,,
,,,,,,,,,,,,,,,,,,,,,,,,,,,,,,,,,,,,,,,,,,,,,,,,,,,,,,,,,,,,,,,,,,,,,,,,,,,,,,,,,,,,,,,,,
,,,,,,,,,,,,,,,,,,,,,,,,,,,,,,,,,,,,,,,,,,,,,,,,,,,,,,,,,,,,,,,,,,,,,,,,,,,,,,,,,,,,,,,,,
Line Item,Role,Resource Name,Hourly Labor Rate,Labor Hours,Extended Labor Cost,Weekly Travel Cost,Total Travel Weeks,Extended Travel Cost,Total Extended Resource Cost,Start Week,End Week,Duration (Weeks),"Start Date
Week Beginning","Sun, Dec 14, 2025","Sun, Dec 21, 2025","Sun, Dec 28, 2025","Sun, Jan 4, 2026","Sun, Jan 11, 2026","Sun, Jan 18, 2026","Sun, Jan 25, 2026","Sun, Feb 1, 2026","Sun, Feb 8, 2026","Sun, Feb 15, 2026","Sun, Feb 22, 2026","Sun, Mar 1, 2026","Sun, Mar 8, 2026","Sun, Mar 15, 2026","Sun, Mar 22, 2026","Sun, Mar 29, 2026","Sun, Apr 5, 2026","Sun, Apr 12, 2026","Sun, Apr 19, 2026","Sun, Apr 26, 2026",5/3/2026,"Sun, May 10, 2026","Sun, May 17, 2026","Sun, May 24, 2026","Sun, May 31, 2026",6/7/2026,"Sun, Jun 14, 2026","Sun, Jun 21, 2026","Sun, Jun 28, 2026",7/5/2026,"Sun, Jul 12, 2026","Sun, Jul 19, 2026","Sun, Jul 26, 2026",8/2/2026,"Sun, Aug 9, 2026","Sun, Aug 16, 2026","Sun, Aug 23, 2026","Sun, Aug 30, 2026","Sun, Sep 6, 2026","Sun, Sep 13, 2026","Sun, Sep 20, 2026","Sun, Sep 27, 2026","Sun, Oct 4, 2026","Sun, Oct 11, 2026","Sun, Oct 18, 2026","Sun, Oct 25, 2026","Sun, Nov 1, 2026","Sun, Nov 8, 2026","Sun, Nov 15, 2026","Sun, Nov 22, 2026","Sun, Nov 29, 2026","Sun, Dec 6, 2026","Sun, Dec 13, 2026","Sun, Dec 20, 2026","Sun, Dec 27, 2026","Sun, Jan 3, 2027","Sun, Jan 10, 2027","Sun, Jan 17, 2027","Sun, Jan 24, 2027","Sun, Jan 31, 2027","Sun, Feb 7, 2027","Sun, Feb 14, 2027","Sun, Feb 21, 2027","Sun, Feb 28, 2027","Sun, Mar 7, 2027","Sun, Mar 14, 2027","Sun, Mar 21, 2027","Sun, Mar 28, 2027","Sun, Apr 4, 2027","Sun, Apr 11, 2027","Sun, Apr 18, 2027","Sun, Apr 25, 2027","Sun, May 2, 2027",,,
,,,,,,,,,,,,,,-3,-2,-1,1,2,3,4,5,6,7,8,9,10,11,12,13,14,15,16,17,18,19,20,21,22,23,24,25,26,27,28,29,30,31,32,33,34,35,36,37,38,39,40,41,42,43,44,45,46,47,48,49,50,51,52,53,54,55,56,57,58,59,60,61,62,63,64,65,66,67,68,69,70,x,,
"PLANNING, COORDINATION, & DOCUMENTATION",,,,,,,,,,,,,,,,,,,,,,,,,,,,,,,,,,,,,,,,,,,,,,,,,,,,,,,,,,,,,,,,,,,,,,,,,,,,,,,,,,,,,,,x,,
,"Management, Coordination, & Support",,,,,,,,,,,,,,,,,,,,,,,,,,,,,,,,,,,,,,,,,,,,,,,,,,,,,,,,,,,,,,,,,,,,,,,,,,,,,,,,,,,,,,x,,
,Cx Manager,Ben Solem, $185.00 ,3230," $597,550 "," $2,500 ",53," $132,500 "," $730,050 ","Sun, Dec 14, 2025","Sat, Mar 20, 2027",68,"Mon, Dec 15, 2025",50,30,30,50,50,50,50,50,50,50,50,50,50,50,50,50,50,50,50,50,40,50,50,50,50,50,50,50,50,40,50,50,50,50,50,50,50,50,50,50,50,50,50,50,50,50,50,50,50,50,30,50,50,30,30,50,50,50,50,50,50,50,50,50,50,50,50,,,,,,,x,,
,Cx Scheduler/Coordinator,Lashica Woodard, $165.00 ,3130," $516,450 "," $2,500 ",32," $80,000 "," $596,450 ","Sun, Dec 14, 2025","Sat, Mar 6, 2027",66,"Mon, Dec 15, 2025",50,30,30,50,50,50,50,50,50,50,50,50,50,50,50,50,50,50,50,50,40,50,50,50,50,50,50,50,50,40,50,50,50,50,50,50,50,50,50,50,50,50,50,50,50,50,50,50,50,50,30,50,50,30,30,50,50,50,50,50,50,50,50,50,50,,,,,,,,,x,,
,Doc Control-A,TBD, $110.00 ,3230," $355,300 "," $2,500 ",33," $82,500 "," $437,800 ","Sun, Dec 14, 2025","Sat, Mar 20, 2027",68,"Mon, Dec 15, 2025",50,30,30,50,50,50,50,50,50,50,50,50,50,50,50,50,50,50,50,50,40,50,50,50,50,50,50,50,50,40,50,50,50,50,50,50,50,50,50,50,50,50,50,50,50,50,50,50,50,50,30,50,50,30,30,50,50,50,50,50,50,50,50,50,50,50,50,,,,,,,x,,
,Doc Control-B,TBD, $110.00 ,0, $-   ," $2,500 ",0, $-   , $-   ,"Sat, Jan 0, 1900",,1,"Sun, Jan 1, 1900",,,,,,,,,,,,,,,,,,,,,,,,,,,,,,,,,,,,,,,,,,,,,,,,,,,,,,,,,,,,,,,,,,,,,,,,,,x,,
,D2C Mech Engineering SME,Sherif Khamis, $185.00 ,260," $48,100 "," $2,500 ",0, $-   ," $48,100 ","Sun, Dec 14, 2025","Sat, Jan 17, 2026",6,"Mon, Dec 15, 2025",50,30,30,50,50,50,,,,,,,,,,,,,,,,,,,,,,,,,,,,,,,,,,,,,,,,,,,,,,,,,,,,,,,,,,,,,,,,,,,,,,
,Substation Elecrical Engineering SME,Daniel Dus, $185.00 ,260," $48,100 "," $2,500 ",0, $-   ," $48,100 ","Sun, Dec 14, 2025","Sat, Jan 17, 2026",6,"Mon, Dec 15, 2025",50,30,30,50,50,50,,,,,,,,,,,,,,,,,,,,,,,,,,,,,,,,,,,,,,,,,,,,,,,,,,,,,,,,,,,,,,,,,,,,,,
Planning Subtotal:,,,,10110," $1,565,500 ",,," $295,000 "," $1,860,500 ",,,,,,,,,,,,,,,,,,,,,,,,,,,,,,,,,,,,,,,,,,,,,,,,,,,,,,,,,,,,,,,,,,,,,,,,,,,,,,x,,
,,,,,,,,,,,,,,,,,,,,,,,,,,,,,,,,,,,,,,,,,,,,,,,,,,,,,,,,,,,,,,,,,,,,,,,,,,,,,,,,,,,,,,,x,,
SWITCHYARD & DATA HALL L2-L3 COMMISSIONING (CONCURRENT),,,,,,,,,,,,,,,,,,,,,,,,,,,,,,,,,,,,,,,,,,,,,,,,,,,,,,,,,,,,,,,,,,,,,,,,,,,,,,,,,,,,,,,x,,
,Switchyard - L2 Pre-Startup Inspections,,,,,,,,,,,,,,,,,,,,,,,,,,,,,,,,,,,,,,,,,,,,,,,,,,,,,,,,,,,,,,,,,,,,,,,,,,,,,,,,,,,,,,x,,
,Lead ECx-A,TBD, $150.00 ,550," $82,500 "," $2,500 ",11," $27,500 "," $110,000 ","Sun, Jan 11, 2026","Sat, Mar 21, 2026",12,"Mon, Jan 12, 2026",,,,,50,50,50,50,50,50,50,50,50,50,50,,,,,,,,,,,,,,,,,,,,,,,,,,,,,,,,,,,,,,,,,,,,,,,,,,,,,,,,,,,x,,
,Lead ECx-B,TBD, $150.00 ,550," $82,500 "," $2,500 ",11," $27,500 "," $110,000 ","Sun, Jan 11, 2026","Sat, Mar 21, 2026",12,"Mon, Jan 12, 2026",,,,,50,50,50,50,50,50,50,50,50,50,50,,,,,,,,,,,,,,,,,,,,,,,,,,,,,,,,,,,,,,,,,,,,,,,,,,,,,,,,,,,x,,
,ECx Tech-C,TBD, $120.00 ,550," $66,000 "," $2,500 ",11," $27,500 "," $93,500 ","Sun, Jan 11, 2026","Sat, Mar 21, 2026",12,"Mon, Jan 12, 2026",,,,,50,50,50,50,50,50,50,50,50,50,50,,,,,,,,,,,,,,,,,,,,,,,,,,,,,,,,,,,,,,,,,,,,,,,,,,,,,,,,,,,x,,
,ECx Tech-D,TBD, $120.00 ,550," $66,000 "," $2,500 ",11," $27,500 "," $93,500 ","Sun, Jan 11, 2026","Sat, Mar 21, 2026",12,"Mon, Jan 12, 2026",,,,,50,50,50,50,50,50,50,50,50,50,50,,,,,,,,,,,,,,,,,,,,,,,,,,,,,,,,,,,,,,,,,,,,,,,,,,,,,,,,,,,x,,
,Switchyard - L3 Startup & Energization,,,,,,,,,,,,,,,,,,,,,,,,,,,,,,,,,,,,,,,,,,,,,,,,,,,,,,,,,,,,,,,,,,,,,,,,,,,,,,,,,,,,,,x,,
,Lead ECx-A,TBD, $150.00 ,250," $37,500 "," $2,500 ",5," $12,500 "," $50,000 ","Sun, Mar 29, 2026","Sat, Apr 25, 2026",6,"Mon, Mar 30, 2026",,,,,,,,,,,,,,,,50,50,50,50,50,,,,,,,,,,,,,,,,,,,,,,,,,,,,,,,,,,,,,,,,,,,,,,,,,,,,,,x,,
,Lead ECx-B,TBD, $150.00 ,250," $37,500 "," $2,500 ",5," $12,500 "," $50,000 ","Sun, Mar 29, 2026","Sat, Apr 25, 2026",6,"Mon, Mar 30, 2026",,,,,,,,,,,,,,,,50,50,50,50,50,,,,,,,,,,,,,,,,,,,,,,,,,,,,,,,,,,,,,,,,,,,,,,,,,,,,,,x,,
,ECx Tech-C,TBD, $120.00 ,250," $30,000 "," $2,500 ",5," $12,500 "," $42,500 ","Sun, Mar 29, 2026","Sat, Apr 25, 2026",6,"Mon, Mar 30, 2026",,,,,,,,,,,,,,,,50,50,50,50,50,,,,,,,,,,,,,,,,,,,,,,,,,,,,,,,,,,,,,,,,,,,,,,,,,,,,,,x,,
,ECx Tech-D,TBD, $120.00 ,250," $30,000 "," $2,500 ",5," $12,500 "," $42,500 ","Sun, Mar 29, 2026","Sat, Apr 25, 2026",6,"Mon, Mar 30, 2026",,,,,,,,,,,,,,,,50,50,50,50,50,,,,,,,,,,,,,,,,,,,,,,,,,,,,,,,,,,,,,,,,,,,,,,,,,,,,,,x,,
Switchyard L2-L3 Subtotal,,,,3200," $432,000 ",,," $160,000 "," $592,000 ",,,,,,,,,,,,,,,,,,,,,,,,,,,,,,,,,,,,,,,,,,,,,,,,,,,,,,,,,,,,,,,,,,,,,,,,,,,,,,x,,
,,,,,,,,,,,,,,,,,,,,,,,,,,,,,,,,,,,,,,,,,,,,,,,,,,,,,,,,,,,,,,,,,,,,,,,,,,,,,,,,,,,,,,,x,,
SWITCHYARD - L4-L5 TESTING,,,,,,,,,,,,,,,,,,,,,,,,,,,,,,,,,,,,,,,,,,,,,,,,,,,,,,,,,,,,,,,,,,,,,,,,,,,,,,,,,,,,,,,x,,
,Switchyard - L4 Functional Testing,,,,,,,,,,,,,,,,,,,,,,,,,,,,,,,,,,,,,,,,,,,,,,,,,,,,,,,,,,,,,,,,,,,,,,,,,,,,,,,,,,,,,,x,,
,Lead ECx-A,TBD, $150.00 ,440," $66,000 "," $2,500 ",9," $22,500 "," $88,500 ","Sun, May 3, 2026","Sat, Jun 27, 2026",10,"Mon, May 4, 2026",,,,,,,,,,,,,,,,,,,,,40,50,50,50,50,50,50,50,50,,,,,,,,,,,,,,,,,,,,,,,,,,,,,,,,,,,,,,,,,,,,,x,,
,Lead ECx-B,TBD, $150.00 ,440," $66,000 "," $2,500 ",9," $22,500 "," $88,500 ","Sun, May 3, 2026","Sat, Jun 27, 2026",10,"Mon, May 4, 2026",,,,,,,,,,,,,,,,,,,,,40,50,50,50,50,50,50,50,50,,,,,,,,,,,,,,,,,,,,,,,,,,,,,,,,,,,,,,,,,,,,,x,,
,ECx Tech-C,TBD, $120.00 ,440," $52,800 "," $2,500 ",9," $22,500 "," $75,300 ","Sun, May 3, 2026","Sat, Jun 27, 2026",10,"Mon, May 4, 2026",,,,,,,,,,,,,,,,,,,,,40,50,50,50,50,50,50,50,50,,,,,,,,,,,,,,,,,,,,,,,,,,,,,,,,,,,,,,,,,,,,,x,,
,ECx Tech-D,TBD, $120.00 ,440," $52,800 "," $2,500 ",9," $22,500 "," $75,300 ","Sun, May 3, 2026","Sat, Jun 27, 2026",10,"Mon, May 4, 2026",,,,,,,,,,,,,,,,,,,,,40,50,50,50,50,50,50,50,50,,,,,,,,,,,,,,,,,,,,,,,,,,,,,,,,,,,,,,,,,,,,,x,,
,Switchyard - L5 IST,,,,,,,,,,,,,,,,,,,,,,,,,,,,,,,,,,,,,,,,,,,,,,,,,,,,,,,,,,,,,,,,,,,,,,,,,,,,,,,,,,,,,,x,,
,Lead ECx-A,TBD, $150.00 ,190," $28,500 "," $2,500 ",4," $10,000 "," $38,500 ","Sun, Jul 5, 2026","Sat, Jul 25, 2026",5,"Mon, Jul 6, 2026",,,,,,,,,,,,,,,,,,,,,,,,,,,,,,40,50,50,50,,,,,,,,,,,,,,,,,,,,,,,,,,,,,,,,,,,,,,,,,x,,
,Lead ECx-B,TBD, $150.00 ,140," $21,000 "," $2,500 ",3," $7,500 "," $28,500 ","Sun, Jul 5, 2026","Sat, Jul 18, 2026",4,"Mon, Jul 6, 2026",,,,,,,,,,,,,,,,,,,,,,,,,,,,,,40,50,50,,,,,,,,,,,,,,,,,,,,,,,,,,,,,,,,,,,,,,,,,,x,,
,ECx Tech-C,TBD, $120.00 ,190," $22,800 "," $2,500 ",4," $10,000 "," $32,800 ","Sun, Jul 5, 2026","Sat, Jul 25, 2026",5,"Mon, Jul 6, 2026",,,,,,,,,,,,,,,,,,,,,,,,,,,,,,40,50,50,50,,,,,,,,,,,,,,,,,,,,,,,,,,,,,,,,,,,,,,,,,x,,
,ECx Tech-D,TBD, $120.00 ,190," $22,800 "," $2,500 ",4," $10,000 "," $32,800 ","Sun, Jul 5, 2026","Sat, Jul 25, 2026",5,"Mon, Jul 6, 2026",,,,,,,,,,,,,,,,,,,,,,,,,,,,,,40,50,50,50,,,,,,,,,,,,,,,,,,,,,,,,,,,,,,,,,,,,,,,,,x,,
Switchyard L4-L5 Subtotal,,,,2470," $332,700 ",,," $127,500 "," $460,200 ",,,,,,,,,,,,,,,,,,,,,,,,,,,,,,,,,,,,,,,,,,,,,,,,,,,,,,,,,,,,,,,,,,,,,,,,,,,,,,x,,
Switchyard Subtotal,,,,5670," $1,196,700 ",,," $447,500 "," $1,644,200 ",,,,,,,,,,,,,,,,,,,,,,,,,,,,,,,,,,,,,,,,,,,,,,,,,,,,,,,,,,,,,,,,,,,,,,,,,,,,,,x,,
,,,,,,,,,,,,,,,,,,,,,,,,,,,,,,,,,,,,,,,,,,,,,,,,,,,,,,,,,,,,,,,,,,,,,,,,,,,,,,,,,,,,,,,x,,
,Data Halls Ph 1-6 - L2 Pre-Startup Inspections (Concurrent),,,,,,,,,,,,,,,,,,,,,,,,,,,,,,,,,,,,,,,,,,,,,,,,,,,,,,,,,,,,,,,,,,,,,,,,,,,,,,,,,,,,,,x,,
,Lead ECx-C,TBD, $150.00 ,1730," $259,500 "," $2,500 ",35," $87,500 "," $347,000 ","Sun, Jan 11, 2026","Sat, Sep 5, 2026",36,"Mon, Jan 12, 2026",,,,,50,50,50,50,50,50,50,50,50,50,50,50,50,50,50,50,40,50,50,50,50,50,50,50,50,40,50,50,50,50,50,50,50,50,50,,,,,,,,,,,,,,,,,,,,,,,,,,,,,,,,,,,x,,
,Lead ECx-A,TBD, $150.00 ,0, $-   ," $2,500 ",0, $-   , $-   ,"Sat, Jan 0, 1900",,1,"Sun, Jan 1, 1900",,,,,,,,,,,,,,,,,,,,,,,,,,,,,,,,,,,,,,,,,,,,,,,,,,,,,,,,,,,,,,,,,,,,,,,,,,x,,
,ECx Tech-B,TBD, $120.00 ,1380," $165,600 "," $2,500 ",28," $70,000 "," $235,600 ","Sun, Jan 11, 2026","Sat, Jul 18, 2026",29,"Mon, Jan 12, 2026",,,,,50,50,50,50,50,50,50,50,50,50,50,50,50,50,50,50,40,50,50,50,50,50,50,50,50,40,50,50,,,,,,,,,,,,,,,,,,,,,,,,,,,,,,,,,,,,,,,,,,x,,
,Lead MCx-A,TBD, $150.00 ,1680," $252,000 "," $2,500 ",34," $85,000 "," $337,000 ","Sun, Jan 11, 2026","Sat, Aug 29, 2026",34,"Mon, Jan 12, 2026",,,,,50,50,50,50,50,50,50,50,50,50,50,50,50,50,50,50,40,50,50,50,50,50,50,50,50,40,50,50,50,50,50,50,50,50,,,,,,,,,,,,,,,,,,,,,,,,,,,,,,,,,,,,,,
,MCx Tech-A,TBD, $120.00 ,1680," $201,600 "," $2,500 ",34," $85,000 "," $286,600 ","Sun, Jan 11, 2026","Sat, Aug 29, 2026",35,"Mon, Jan 12, 2026",,,,,50,50,50,50,50,50,50,50,50,50,50,50,50,50,50,50,40,50,50,50,50,50,50,50,50,40,50,50,50,50,50,50,50,50,,,,,,,,,,,,,,,,,,,,,,,,,,,,,,,,,,,,x,,
,MCx Tech-B,TBD, $120.00 ,0, $-   ," $2,500 ",0, $-   , $-   ,"Sat, Jan 0, 1900",,1,"Sun, Jan 1, 1900",,,,,,,,,,,,,,,,,,,,,,,,,,,,,,,,,,,,,,,,,,,,,,,,,,,,,,,,,,,,,,,,,,,,,,,,,,x,,
,,,,,,,,,,,,,,,,,,,,,,,,,,,,,,,,,,,,,,,,,,,,,,,,,,,,,,,,,,,,,,,,,,,,,,,,,,,,,,,,,,,,,,,,,
,Data Halls Ph 1-6 - L3 Startup & Energization (Concurrent),,,,,,,,,,,,,,,,,,,,,,,,,,,,,,,,,,,,,,,,,,,,,,,,,,,,,,,,,,,,,,,,,,,,,,,,,,,,,,,,,,,,,,x,,
,Lead ECx-D,TBD, $150.00 ,2060," $309,000 "," $2,500 ",42," $105,000 "," $414,000 ","Sun, Mar 1, 2026","Sat, Dec 12, 2026",42,"Mon, Mar 2, 2026",,,,,,,,,,,,50,50,50,50,50,50,50,50,50,40,50,50,50,50,50,50,50,50,40,50,50,50,50,50,50,50,50,50,50,50,50,50,50,50,50,50,50,50,50,30,50,50,,,,,,,,,,,,,,,,,,,,,,,
,ECx Tech-C,TBD, $120.00 ,0, $-   ," $2,500 ",0, $-   , $-   ,,,0,,,,,,,,,,,,,,,,,,,,,,,,,,,,,,,,,,,,,,,,,,,,,,,,,,,,,,,,,,,,,,,,,,,,,,,,,,,,,
,ECx Tech-D,TBD, $120.00 ,0, $-   ," $2,500 ",0, $-   , $-   ,,,0,,,,,,,,,,,,,,,,,,,,,,,,,,,,,,,,,,,,,,,,,,,,,,,,,,,,,,,,,,,,,,,,,,,,,,,,,,,,,
,Lead ECx-B,TBD, $150.00 ,0, $-   ," $2,500 ",0, $-   , $-   ,"Sat, Jan 0, 1900",,1,"Sun, Jan 1, 1900",,,,,,,,,,,,,,,,,,,,,,,,,,,,,,,,,,,,,,,,,,,,,,,,,,,,,,,,,,,,,,,,,,,,,,,,,,x,,
,ECx Tech-A,TBD, $120.00 ,1330," $159,600 "," $2,500 ",27," $67,500 "," $227,100 ","Sun, Mar 1, 2026","Sat, Aug 29, 2026",28,"Mon, Mar 2, 2026",,,,,,,,,,,,50,50,50,50,50,50,50,50,50,40,50,50,50,50,50,50,50,50,40,50,50,50,50,50,50,50,50,,,,,,,,,,,,,,,,,,,,,,,,,,,,,,,,,,,,x,,
,Lead MCx-C,TBD, $150.00 ,2010," $301,500 "," $2,500 ",41," $102,500 "," $404,000 ","Sun, Mar 1, 2026","Sat, Dec 5, 2026",42,"Mon, Mar 2, 2026",,,,,,,,,,,,50,50,50,50,50,50,50,50,50,40,50,50,50,50,50,50,50,50,40,50,50,50,50,50,50,50,50,50,50,50,50,50,50,50,50,50,50,50,50,30,50,,,,,,,,,,,,,,,,,,,,,,x,,
,Lead MCx-D,TBD, $150.00 ,1960," $294,000 "," $2,500 ",40," $100,000 "," $394,000 ","Sun, Mar 1, 2026","Sat, Nov 28, 2026",40,"Mon, Mar 2, 2026",,,,,,,,,,,,50,50,50,50,50,50,50,50,50,40,50,50,50,50,50,50,50,50,40,50,50,50,50,50,50,50,50,50,50,50,50,50,50,50,50,50,50,50,50,30,,,,,,,,,,,,,,,,,,,,,,,,,
,MCx Tech-C,TBD, $120.00 ,0, $-   ," $2,500 ",0, $-   , $-   ,,,0,,,,,,,,,,,,,,,,,,,,,,,,,,,,,,,,,,,,,,,,,,,,,,,,,,,,,,,,,,,,,,,,,,,,,,,,,,,,,
,MCx Tech-D,TBD, $120.00 ,0, $-   ," $2,500 ",0, $-   , $-   ,,,0,,,,,,,,,,,,,,,,,,,,,,,,,,,,,,,,,,,,,,,,,,,,,,,,,,,,,,,,,,,,,,,,,,,,,,,,,,,,,
,Lead MCx-B,TBD, $150.00 ,0, $-   ," $2,500 ",0, $-   , $-   ,,,0,,,,,,,,,,,,,,,,,,,,,,,,,,,,,,,,,,,,,,,,,,,,,,,,,,,,,,,,,,,,,,,,,,,,,,,,,,,,,
,MCx Tech-B,TBD, $120.00 ,0, $-   ," $2,500 ",0, $-   , $-   ,"Sat, Jan 0, 1900",,1,"Sun, Jan 1, 1900",,,,,,,,,,,,,,,,,,,,,,,,,,,,,,,,,,,,,,,,,,,,,,,,,,,,,,,,,,,,,,,,,,,,,,,,,,x,,
Data Hall L2-L3,,,,13830," $1,942,800 ",,," $702,500 "," $2,645,300 ",,,,,,,,,,,,,,,,,,,,,,,,,,,,,,,,,,,,,,,,,,,,,,,,,,,,,,,,,,,,,,,,,,,,,,,,,,,,,,x,,
,,,,,  ,,,,,,,,,,,,,,,,,,,,,,,,,,,,,,,,,,,,,,,,,,,,,,,,,,,,,,,,,,,,,,,,,,,,,,,,,,,,,,,,,,x,,
PHASE 1 - DATA HALL,,,,,,,,,,,,,,,,,,,,,,,,,,,,,,,,,,,,,,,,,,,,,,,,,,,,,,,,,,,,,,,,,,,,,,,,,,,,,,,,,,,,,,,x,,
,Phase 1 - L4 Functional Testing (4 weeks),,,,,,,,,,,,,,,,,,,,,,,,,,,,,,,,,,,,,,,,,,,,,,,,,,,,,,,,,,,,,,,,,,,,,,,,,,,,,,,,,,,,,,x,,
,Lead ECx-B,TBD, $150.00 ,250," $37,500 "," $2,500 ",5," $12,500 "," $50,000 ","Sun, Jul 26, 2026","Sat, Aug 22, 2026",6,"Mon, Jul 27, 2026",,,,,,,,,,,,,,,,,,,,,,,,,,,,,,,,,50,50,50,50,50,,,,,,,,,,,,,,,,,,,,,,,,,,,,,,,,,,,,,x,,
,ECx Tech-B,TBD, $120.00 ,250," $30,000 "," $2,500 ",5," $12,500 "," $42,500 ","Sun, Jul 26, 2026","Sat, Aug 22, 2026",6,"Mon, Jul 27, 2026",,,,,,,,,,,,,,,,,,,,,,,,,,,,,,,,,50,50,50,50,50,,,,,,,,,,,,,,,,,,,,,,,,,,,,,,,,,,,,,x,,
,ECx Tech-D,TBD, $120.00 ,200," $24,000 "," $2,500 ",4," $10,000 "," $34,000 ","Sun, Aug 2, 2026","Sat, Aug 22, 2026",5,"Mon, Aug 3, 2026",,,,,,,,,,,,,,,,,,,,,,,,,,,,,,,,,,50,50,50,50,,,,,,,,,,,,,,,,,,,,,,,,,,,,,,,,,,,,,x,,
,Lead MCx-B,TBD, $150.00 ,250," $37,500 "," $2,500 ",5," $12,500 "," $50,000 ","Sun, Jul 26, 2026","Sat, Aug 22, 2026",6,"Mon, Jul 27, 2026",,,,,,,,,,,,,,,,,,,,,,,,,,,,,,,,,50,50,50,50,50,,,,,,,,,,,,,,,,,,,,,,,,,,,,,,,,,,,,,x,,
,MCx Tech-B,TBD, $120.00 ,250," $30,000 "," $2,500 ",5," $12,500 "," $42,500 ","Sun, Jul 26, 2026","Sat, Aug 22, 2026",6,"Mon, Jul 27, 2026",,,,,,,,,,,,,,,,,,,,,,,,,,,,,,,,,50,50,50,50,50,,,,,,,,,,,,,,,,,,,,,,,,,,,,,,,,,,,,,x,,
,MCx Tech-D,TBD, $120.00 ,250," $30,000 "," $2,502 ",5," $12,510 "," $42,510 ","Sun, Jul 26, 2026","Sat, Aug 22, 2026",6,"Mon, Jul 27, 2026",,,,,,,,,,,,,,,,,,,,,,,,,,,,,,,,,50,50,50,50,50,,,,,,,,,,,,,,,,,,,,,,,,,,,,,,,,,,,,,x,,
,Phase 1 - L5 IST (2 weeks),,,,,,,,,,,,,,,,,,,,,,,,,,,,,,,,,,,,,,,,,,,,,,,,,,,,,,,,,,,,,,,,,,,,,,,,,,,,,,,,,,,,,,x,,
,Lead ECx-B,TBD, $150.00 ,100," $15,000 "," $2,500 ",2," $5,000 "," $20,000 ","Sun, Aug 30, 2026","Sat, Sep 5, 2026",3,"Mon, Aug 31, 2026",,,,,,,,,,,,,,,,,,,,,,,,,,,,,,,,,,,,,,50,50,,,,,,,,,,,,,,,,,,,,,,,,,,,,,,,,,,,x,,
,ECx Tech-B,TBD, $120.00 ,100," $12,000 "," $2,500 ",2," $5,000 "," $17,000 ","Sun, Aug 30, 2026","Sat, Sep 5, 2026",3,"Mon, Aug 31, 2026",,,,,,,,,,,,,,,,,,,,,,,,,,,,,,,,,,,,,,50,50,,,,,,,,,,,,,,,,,,,,,,,,,,,,,,,,,,,x,,
,ECx Tech-D,TBD, $120.00 ,100," $12,000 "," $2,500 ",2," $5,000 "," $17,000 ","Sun, Aug 30, 2026","Sat, Sep 5, 2026",3,"Mon, Aug 31, 2026",,,,,,,,,,,,,,,,,,,,,,,,,,,,,,,,,,,,,,50,50,,,,,,,,,,,,,,,,,,,,,,,,,,,,,,,,,,,x,,
,Lead MCx-B,TBD, $150.00 ,100," $15,000 "," $2,500 ",2," $5,000 "," $20,000 ","Sun, Aug 30, 2026","Sat, Sep 5, 2026",3,"Mon, Aug 31, 2026",,,,,,,,,,,,,,,,,,,,,,,,,,,,,,,,,,,,,,50,50,,,,,,,,,,,,,,,,,,,,,,,,,,,,,,,,,,,x,,
,MCx Tech-B,TBD, $120.00 ,100," $12,000 "," $2,500 ",2," $5,000 "," $17,000 ","Sun, Aug 30, 2026","Sat, Sep 5, 2026",3,"Mon, Aug 31, 2026",,,,,,,,,,,,,,,,,,,,,,,,,,,,,,,,,,,,,,50,50,,,,,,,,,,,,,,,,,,,,,,,,,,,,,,,,,,,x,,
,MCx Tech-D,TBD, $120.00 ,100," $12,000 "," $2,502 ",2," $5,004 "," $17,004 ","Sun, Aug 30, 2026","Sat, Sep 5, 2026",3,"Mon, Aug 31, 2026",,,,,,,,,,,,,,,,,,,,,,,,,,,,,,,,,,,,,,50,50,,,,,,,,,,,,,,,,,,,,,,,,,,,,,,,,,,,x,,
Phase 1 - Data Halls & Network L4-L5,,,,2050," $267,000 ",,," $102,514 "," $369,514 ",,,,,,,,,,,,,,,,,,,,,,,,,,,,,,,,,,,,,,,,,,,,,,,,,,,,,,,,,,,,,,,,,,,,,,,,,,,,,,x,,
,,,,,,,,,,,,,,,,,,,,,,,,,,,,,,,,,,,,,,,,,,,,,,,,,,,,,,,,,,,,,,,,,,,,,,,,,,,,,,,,,,,,,,,x,,
PHASE 2 - DATA HALL,,,,,,,,,,,,,,,,,,,,,,,,,,,,,,,,,,,,,,,,,,,,,,,,,,,,,,,,,,,,,,,,,,,,,,,,,,,,,,,,,,,,,,,x,,
,Phase 2 - L4 Functional Testing (4 weeks),,,,,,,,,,,,,,,,,,,,,,,,,,,,,,,,,,,,,,,,,,,,,,,,,,,,,,,,,,,,,,,,,,,,,,,,,,,,,,,,,,,,,,x,,
,Lead ECx-A,TBD, $150.00 ,200," $30,000 "," $2,500 ",4," $10,000 "," $40,000 ","Sun, Sep 13, 2026","Sat, Oct 3, 2026",5,"Mon, Sep 14, 2026",,,,,,,,,,,,,,,,,,,,,,,,,,,,,,,,,,,,,,,,50,50,50,50,,,,,,,,,,,,,,,,,,,,,,,,,,,,,,,x,,
,ECx Tech-A,TBD, $120.00 ,250," $30,000 "," $2,500 ",5," $12,500 "," $42,500 ","Sun, Sep 6, 2026","Sat, Oct 3, 2026",6,"Mon, Sep 7, 2026",,,,,,,,,,,,,,,,,,,,,,,,,,,,,,,,,,,,,,,50,50,50,50,50,,,,,,,,,,,,,,,,,,,,,,,,,,,,,,,x,,
,ECx Tech-C,TBD, $120.00 ,250," $30,000 "," $2,500 ",5," $12,500 "," $42,500 ","Sun, Sep 6, 2026","Sat, Oct 3, 2026",6,"Mon, Sep 7, 2026",,,,,,,,,,,,,,,,,,,,,,,,,,,,,,,,,,,,,,,50,50,50,50,50,,,,,,,,,,,,,,,,,,,,,,,,,,,,,,,x,,
,Lead MCx-A,TBD, $150.00 ,250," $37,500 "," $2,500 ",5," $12,500 "," $50,000 ","Sun, Sep 6, 2026","Sat, Oct 3, 2026",6,"Mon, Sep 7, 2026",,,,,,,,,,,,,,,,,,,,,,,,,,,,,,,,,,,,,,,50,50,50,50,50,,,,,,,,,,,,,,,,,,,,,,,,,,,,,,,x,,
,MCx Tech-A,TBD, $120.00 ,250," $30,000 "," $2,500 ",5," $12,500 "," $42,500 ","Sun, Sep 6, 2026","Sat, Oct 3, 2026",6,"Mon, Sep 7, 2026",,,,,,,,,,,,,,,,,,,,,,,,,,,,,,,,,,,,,,,50,50,50,50,50,,,,,,,,,,,,,,,,,,,,,,,,,,,,,,,x,,
,MCx Tech-C,TBD, $120.00 ,250," $30,000 "," $2,500 ",5," $12,500 "," $42,500 ","Sun, Sep 6, 2026","Sat, Oct 3, 2026",6,"Mon, Sep 7, 2026",,,,,,,,,,,,,,,,,,,,,,,,,,,,,,,,,,,,,,,50,50,50,50,50,,,,,,,,,,,,,,,,,,,,,,,,,,,,,,,x,,
,Phase 2 - L5 IST (2 weeks),,,,,,,,,,,,,,,,,,,,,,,,,,,,,,,,,,,,,,,,,,,,,,,,,,,,,,,,,,,,,,,,,,,,,,,,,,,,,,,,,,,,,,x,,
,Lead ECx-A,TBD, $150.00 ,100," $15,000 "," $2,500 ",2," $5,000 "," $20,000 ","Sun, Oct 11, 2026","Sat, Oct 17, 2026",3,"Mon, Oct 12, 2026",,,,,,,,,,,,,,,,,,,,,,,,,,,,,,,,,,,,,,,,,,,,50,50,,,,,,,,,,,,,,,,,,,,,,,,,,,,,x,,
,ECx Tech-A,TBD, $120.00 ,100," $12,000 "," $2,500 ",2," $5,000 "," $17,000 ","Sun, Oct 11, 2026","Sat, Oct 17, 2026",3,"Mon, Oct 12, 2026",,,,,,,,,,,,,,,,,,,,,,,,,,,,,,,,,,,,,,,,,,,,50,50,,,,,,,,,,,,,,,,,,,,,,,,,,,,,x,,
,ECx Tech-C,TBD, $120.00 ,100," $12,000 "," $2,500 ",2," $5,000 "," $17,000 ","Sun, Oct 11, 2026","Sat, Oct 17, 2026",3,"Mon, Oct 12, 2026",,,,,,,,,,,,,,,,,,,,,,,,,,,,,,,,,,,,,,,,,,,,50,50,,,,,,,,,,,,,,,,,,,,,,,,,,,,,x,,
,Lead MCx-A,TBD, $150.00 ,100," $15,000 "," $2,500 ",2," $5,000 "," $20,000 ","Sun, Oct 11, 2026","Sat, Oct 17, 2026",3,"Mon, Oct 12, 2026",,,,,,,,,,,,,,,,,,,,,,,,,,,,,,,,,,,,,,,,,,,,50,50,,,,,,,,,,,,,,,,,,,,,,,,,,,,,x,,
,MCx Tech-A,TBD, $120.00 ,100," $12,000 "," $2,500 ",2," $5,000 "," $17,000 ","Sun, Oct 11, 2026","Sat, Oct 17, 2026",3,"Mon, Oct 12, 2026",,,,,,,,,,,,,,,,,,,,,,,,,,,,,,,,,,,,,,,,,,,,50,50,,,,,,,,,,,,,,,,,,,,,,,,,,,,,x,,
,MCx Tech-C,TBD, $120.00 ,100," $12,000 "," $2,500 ",2," $5,000 "," $17,000 ","Sun, Oct 11, 2026","Sat, Oct 17, 2026",3,"Mon, Oct 12, 2026",,,,,,,,,,,,,,,,,,,,,,,,,,,,,,,,,,,,,,,,,,,,50,50,,,,,,,,,,,,,,,,,,,,,,,,,,,,,x,,
Phase 2 - Data Halls L4-L5,,,,2050," $265,500 ",,," $102,500 "," $368,000 ",,,,,,,,,,,,,,,,,,,,,,,,,,,,,,,,,,,,,,,,,,,,,,,,,,,,,,,,,,,,,,,,,,,,,,,,,,,,,,x,,
,,,,,,,,,,,,,,,,,,,,,,,,,,,,,,,,,,,,,,,,,,,,,,,,,,,,,,,,,,,,,,,,,,,,,,,,,,,,,,,,,,,,,,,x,,
PHASE 3 - DATA HALL,,,,,,,,,,,,,,,,,,,,,,,,,,,,,,,,,,,,,,,,,,,,,,,,,,,,,,,,,,,,,,,,,,,,,,,,,,,,,,,,,,,,,,,x,,
,Phase 3 - L4 Functional Testing (3 weeks),,,,,,,,,,,,,,,,,,,,,,,,,,,,,,,,,,,,,,,,,,,,,,,,,,,,,,,,,,,,,,,,,,,,,,,,,,,,,,,,,,,,,,x,,
,Lead ECx-B,TBD, $150.00 ,200," $30,000 "," $2,500 ",4," $10,000 "," $40,000 ","Sun, Oct 18, 2026","Sat, Nov 7, 2026",5,"Mon, Oct 19, 2026",,,,,,,,,,,,,,,,,,,,,,,,,,,,,,,,,,,,,,,,,,,,,50,50,50,50,,,,,,,,,,,,,,,,,,,,,,,,,,x,,
,ECx Tech-B,TBD, $120.00 ,200," $24,000 "," $2,500 ",4," $10,000 "," $34,000 ","Sun, Oct 18, 2026","Sat, Nov 7, 2026",5,"Mon, Oct 19, 2026",,,,,,,,,,,,,,,,,,,,,,,,,,,,,,,,,,,,,,,,,,,,,50,50,50,50,,,,,,,,,,,,,,,,,,,,,,,,,,x,,
,ECx Tech-D,TBD, $120.00 ,200," $24,000 "," $2,500 ",4," $10,000 "," $34,000 ","Sun, Oct 18, 2026","Sat, Nov 7, 2026",5,"Mon, Oct 19, 2026",,,,,,,,,,,,,,,,,,,,,,,,,,,,,,,,,,,,,,,,,,,,,50,50,50,50,,,,,,,,,,,,,,,,,,,,,,,,,,x,,
,Lead MCx-B,TBD, $150.00 ,200," $30,000 "," $2,500 ",4," $10,000 "," $40,000 ","Sun, Oct 18, 2026","Sat, Nov 7, 2026",5,"Mon, Oct 19, 2026",,,,,,,,,,,,,,,,,,,,,,,,,,,,,,,,,,,,,,,,,,,,,50,50,50,50,,,,,,,,,,,,,,,,,,,,,,,,,,x,,
,MCx Tech-B,TBD, $120.00 ,200," $24,000 "," $2,500 ",4," $10,000 "," $34,000 ","Sun, Oct 18, 2026","Sat, Nov 7, 2026",5,"Mon, Oct 19, 2026",,,,,,,,,,,,,,,,,,,,,,,,,,,,,,,,,,,,,,,,,,,,,50,50,50,50,,,,,,,,,,,,,,,,,,,,,,,,,,x,,
,MCx Tech-D,TBD, $120.00 ,200," $24,000 "," $2,500 ",4," $10,000 "," $34,000 ","Sun, Oct 18, 2026","Sat, Nov 7, 2026",5,"Mon, Oct 19, 2026",,,,,,,,,,,,,,,,,,,,,,,,,,,,,,,,,,,,,,,,,,,,,50,50,50,50,,,,,,,,,,,,,,,,,,,,,,,,,,x,,
,Phase 3 - L5 IST (2 weeks),,,,,,,,,,,,,,,,,,,,,,,,,,,,,,,,,,,,,,,,,,,,,,,,,,,,,,,,,,,,,,,,,,,,,,,,,,,,,,,,,,,,,,x,,
,Lead ECx-B,TBD, $150.00 ,100," $15,000 "," $2,500 ",2," $5,000 "," $20,000 ","Sun, Nov 15, 2026","Sat, Nov 21, 2026",3,"Mon, Nov 16, 2026",,,,,,,,,,,,,,,,,,,,,,,,,,,,,,,,,,,,,,,,,,,,,,,,,50,50,,,,,,,,,,,,,,,,,,,,,,,,x,,
,ECx Tech-B,TBD, $120.00 ,100," $12,000 "," $2,500 ",2," $5,000 "," $17,000 ","Sun, Nov 15, 2026","Sat, Nov 21, 2026",3,"Mon, Nov 16, 2026",,,,,,,,,,,,,,,,,,,,,,,,,,,,,,,,,,,,,,,,,,,,,,,,,50,50,,,,,,,,,,,,,,,,,,,,,,,,x,,
,ECx Tech-D,TBD, $120.00 ,100," $12,000 "," $2,500 ",2," $5,000 "," $17,000 ","Sun, Nov 15, 2026","Sat, Nov 21, 2026",3,"Mon, Nov 16, 2026",,,,,,,,,,,,,,,,,,,,,,,,,,,,,,,,,,,,,,,,,,,,,,,,,50,50,,,,,,,,,,,,,,,,,,,,,,,,x,,
,Lead MCx-B,TBD, $150.00 ,100," $15,000 "," $2,500 ",2," $5,000 "," $20,000 ","Sun, Nov 15, 2026","Sat, Nov 21, 2026",3,"Mon, Nov 16, 2026",,,,,,,,,,,,,,,,,,,,,,,,,,,,,,,,,,,,,,,,,,,,,,,,,50,50,,,,,,,,,,,,,,,,,,,,,,,,x,,
,MCx Tech-B,TBD, $120.00 ,100," $12,000 "," $2,500 ",2," $5,000 "," $17,000 ","Sun, Nov 15, 2026","Sat, Nov 21, 2026",3,"Mon, Nov 16, 2026",,,,,,,,,,,,,,,,,,,,,,,,,,,,,,,,,,,,,,,,,,,,,,,,,50,50,,,,,,,,,,,,,,,,,,,,,,,,x,,
,MCx Tech-D,TBD, $120.00 ,100," $12,000 "," $2,502 ",2," $5,004 "," $17,004 ","Sun, Nov 15, 2026","Sat, Nov 21, 2026",3,"Mon, Nov 16, 2026",,,,,,,,,,,,,,,,,,,,,,,,,,,,,,,,,,,,,,,,,,,,,,,,,50,50,,,,,,,,,,,,,,,,,,,,,,,,x,,
Phase 3 - Data Halls L4-L5,,,,1800," $234,000 ",,," $90,004 "," $324,004 ",,,,,,,,,,,,,,,,,,,,,,,,,,,,,,,,,,,,,,,,,,,,,,,,,,,,,,,,,,,,,,,,,,,,,,,,,,,,,,x,,
,,,,,,,,,,,,,,,,,,,,,,,,,,,,,,,,,,,,,,,,,,,,,,,,,,,,,,,,,,,,,,,,,,,,,,,,,,,,,,,,,,,,,,,x,,
PHASE 4 - DATA HALL,,,,,,,,,,,,,,,,,,,,,,,,,,,,,,,,,,,,,,,,,,,,,,,,,,,,,,,,,,,,,,,,,,,,,,,,,,,,,,,,,,,,,,,x,,
,Phase 4 - L4 Functional Testing (4 weeks - Thanksgiving),,,,,,,,,,,,,,,,,,,,,,,,,,,,,,,,,,,,,,,,,,,,,,,,,,,,,,,,,,,,,,,,,,,,,,,,,,,,,,,,,,,,,,x,,
,Lead ECx-A,TBD, $150.00 ,210," $31,500 "," $2,500 ",5," $12,500 "," $44,000 ","Sun, Nov 22, 2026","Sat, Dec 19, 2026",6,"Mon, Nov 23, 2026",,,,,,,,,,,,,,,,,,,,,,,,,,,,,,,,,,,,,,,,,,,,,,,,,,50,30,50,50,30,,,,,,,,,,,,,,,,,,,,x,,
,ECx Tech-A,TBD, $120.00 ,210," $25,200 "," $2,500 ",5," $12,500 "," $37,700 ","Sun, Nov 22, 2026","Sat, Dec 19, 2026",6,"Mon, Nov 23, 2026",,,,,,,,,,,,,,,,,,,,,,,,,,,,,,,,,,,,,,,,,,,,,,,,,,50,30,50,50,30,,,,,,,,,,,,,,,,,,,,x,,
,ECx Tech-C,TBD, $120.00 ,210," $25,200 "," $2,500 ",5," $12,500 "," $37,700 ","Sun, Nov 22, 2026","Sat, Dec 19, 2026",6,"Mon, Nov 23, 2026",,,,,,,,,,,,,,,,,,,,,,,,,,,,,,,,,,,,,,,,,,,,,,,,,,50,30,50,50,30,,,,,,,,,,,,,,,,,,,,x,,
,Lead MCx-A,TBD, $150.00 ,210," $31,500 "," $2,500 ",5," $12,500 "," $44,000 ","Sun, Nov 22, 2026","Sat, Dec 19, 2026",6,"Mon, Nov 23, 2026",,,,,,,,,,,,,,,,,,,,,,,,,,,,,,,,,,,,,,,,,,,,,,,,,,50,30,50,50,30,,,,,,,,,,,,,,,,,,,,x,,
,MCx Tech-A,TBD, $120.00 ,210," $25,200 "," $2,501 ",5," $12,505 "," $37,705 ","Sun, Nov 22, 2026","Sat, Dec 19, 2026",6,"Mon, Nov 23, 2026",,,,,,,,,,,,,,,,,,,,,,,,,,,,,,,,,,,,,,,,,,,,,,,,,,50,30,50,50,30,,,,,,,,,,,,,,,,,,,,x,,
,MCx Tech-C,TBD, $120.00 ,160," $19,200 "," $2,502 ",4," $10,008 "," $29,208 ","Sun, Nov 29, 2026","Sat, Dec 19, 2026",5,"Mon, Nov 30, 2026",,,,,,,,,,,,,,,,,,,,,,,,,,,,,,,,,,,,,,,,,,,,,,,,,,,30,50,50,30,,,,,,,,,,,,,,,,,,,,x,,
,MCx Tech-D,TBD, $120.00 ,160," $19,200 "," $2,502 ",4," $10,008 "," $29,208 ","Sun, Nov 29, 2026","Sat, Dec 19, 2026",5,"Mon, Nov 30, 2026",,,,,,,,,,,,,,,,,,,,,,,,,,,,,,,,,,,,,,,,,,,,,,,,,,,30,50,50,30,,,,,,,,,,,,,,,,,,,,x,,
,Phase 4 - L5 IST (3 weeks - Christmas),,,,,,,,,,,,,,,,,,,,,,,,,,,,,,,,,,,,,,,,,,,,,,,,,,,,,,,,,,,,,,,,,,,,,,,,,,,,,,,,,,,,,,x,,
,Lead ECx-A,TBD, $150.00 ,80," $12,000 "," $2,500 ",2," $5,000 "," $17,000 ","Sun, Dec 27, 2026","Sat, Jan 2, 2027",3,"Mon, Dec 28, 2026",,,,,,,,,,,,,,,,,,,,,,,,,,,,,,,,,,,,,,,,,,,,,,,,,,,,,,,30,50,,,,,,,,,,,,,,,,,,x,,
,ECx Tech-A,TBD, $120.00 ,80," $9,600 "," $2,500 ",2," $5,000 "," $14,600 ","Sun, Dec 27, 2026","Sat, Jan 2, 2027",3,"Mon, Dec 28, 2026",,,,,,,,,,,,,,,,,,,,,,,,,,,,,,,,,,,,,,,,,,,,,,,,,,,,,,,30,50,,,,,,,,,,,,,,,,,,x,,
,ECx Tech-C,TBD, $120.00 ,80," $9,600 "," $2,500 ",2," $5,000 "," $14,600 ","Sun, Dec 27, 2026","Sat, Jan 2, 2027",3,"Mon, Dec 28, 2026",,,,,,,,,,,,,,,,,,,,,,,,,,,,,,,,,,,,,,,,,,,,,,,,,,,,,,,30,50,,,,,,,,,,,,,,,,,,x,,
,Lead MCx-A,TBD, $150.00 ,80," $12,000 "," $2,500 ",2," $5,000 "," $17,000 ","Sun, Dec 27, 2026","Sat, Jan 2, 2027",3,"Mon, Dec 28, 2026",,,,,,,,,,,,,,,,,,,,,,,,,,,,,,,,,,,,,,,,,,,,,,,,,,,,,,,30,50,,,,,,,,,,,,,,,,,,x,,
,MCx Tech-A,, $120.00 ,80," $9,600 "," $2,501 ",2," $5,002 "," $14,602 ","Sun, Dec 27, 2026","Sat, Jan 2, 2027",3,"Mon, Dec 28, 2026",,,,,,,,,,,,,,,,,,,,,,,,,,,,,,,,,,,,,,,,,,,,,,,,,,,,,,,30,50,,,,,,,,,,,,,,,,,,x,,
,MCx Tech-C,, $120.00 ,80," $9,600 "," $2,502 ",2," $5,004 "," $14,604 ","Sun, Dec 27, 2026","Sat, Jan 2, 2027",3,"Mon, Dec 28, 2026",,,,,,,,,,,,,,,,,,,,,,,,,,,,,,,,,,,,,,,,,,,,,,,,,,,,,,,30,50,,,,,,,,,,,,,,,,,,x,,
,MCx Tech-D,TBD, $120.00 ,80," $9,600 "," $2,502 ",2," $5,004 "," $14,604 ","Sun, Dec 27, 2026","Sat, Jan 2, 2027",3,"Mon, Dec 28, 2026",,,,,,,,,,,,,,,,,,,,,,,,,,,,,,,,,,,,,,,,,,,,,,,,,,,,,,,30,50,,,,,,,,,,,,,,,,,,x,,
Phase 4 - Data Halls L4-L5,,,,1850," $239,400 ",,," $112,527 "," $351,927 ",,,,,,,,,,,,,,,,,,,,,,,,,,,,,,,,,,,,,,,,,,,,,,,,,,,,,,,,,,,,,,,,,,,,,,,,,,,,,,x,,
,,,,,,,,,,,,,,,,,,,,,,,,,,,,,,,,,,,,,,,,,,,,,,,,,,,,,,,,,,,,,,,,,,,,,,,,,,,,,,,,,,,,,,,x,,
PHASE 5 - DATA HALL,,,,,,,,,,,,,,,,,,,,,,,,,,,,,,,,,,,,,,,,,,,,,,,,,,,,,,,,,,,,,,,,,,,,,,,,,,,,,,,,,,,,,,,x,,
,Phase 5 - L4 Functional Testing (3 weeks),,,,,,,,,,,,,,,,,,,,,,,,,,,,,,,,,,,,,,,,,,,,,,,,,,,,,,,,,,,,,,,,,,,,,,,,,,,,,,,,,,,,,,x,,
,Lead ECx-B,TBD, $150.00 ,200," $30,000 "," $2,500 ",4," $10,000 "," $40,000 ","Sun, Jan 3, 2027","Sat, Jan 23, 2027",5,"Mon, Jan 4, 2027",,,,,,,,,,,,,,,,,,,,,,,,,,,,,,,,,,,,,,,,,,,,,,,,,,,,,,,,50,50,50,50,,,,,,,,,,,,,,,x,,
,ECx Tech-B,TBD, $120.00 ,200," $24,000 "," $2,500 ",4," $10,000 "," $34,000 ","Sun, Jan 3, 2027","Sat, Jan 23, 2027",5,"Mon, Jan 4, 2027",,,,,,,,,,,,,,,,,,,,,,,,,,,,,,,,,,,,,,,,,,,,,,,,,,,,,,,,50,50,50,50,,,,,,,,,,,,,,,x,,
,ECx Tech-D,TBD, $120.00 ,200," $24,000 "," $2,501 ",4," $10,004 "," $34,004 ","Sun, Jan 3, 2027","Sat, Jan 23, 2027",5,"Mon, Jan 4, 2027",,,,,,,,,,,,,,,,,,,,,,,,,,,,,,,,,,,,,,,,,,,,,,,,,,,,,,,,50,50,50,50,,,,,,,,,,,,,,,x,,
,Lead MCx-B,TBD, $150.00 ,200," $30,000 "," $2,500 ",4," $10,000 "," $40,000 ","Sun, Jan 3, 2027","Sat, Jan 23, 2027",5,"Mon, Jan 4, 2027",,,,,,,,,,,,,,,,,,,,,,,,,,,,,,,,,,,,,,,,,,,,,,,,,,,,,,,,50,50,50,50,,,,,,,,,,,,,,,x,,
,MCx Tech-B,TBD, $120.00 ,200," $24,000 "," $2,500 ",4," $10,000 "," $34,000 ","Sun, Jan 3, 2027","Sat, Jan 23, 2027",5,"Mon, Jan 4, 2027",,,,,,,,,,,,,,,,,,,,,,,,,,,,,,,,,,,,,,,,,,,,,,,,,,,,,,,,50,50,50,50,,,,,,,,,,,,,,,x,,
,MCx Tech-D,TBD, $120.00 ,150," $18,000 "," $2,502 ",3," $7,506 "," $25,506 ","Sun, Jan 10, 2027","Sat, Jan 23, 2027",4,"Mon, Jan 11, 2027",,,,,,,,,,,,,,,,,,,,,,,,,,,,,,,,,,,,,,,,,,,,,,,,,,,,,,,,,50,50,50,,,,,,,,,,,,,,,x,,
,Phase 5 - L5 IST (2 Weeks),,,,,,,,,,,,,,,,,,,,,,,,,,,,,,,,,,,,,,,,,,,,,,,,,,,,,,,,,,,,,,,,,,,,,,,,,,,,,,,,,,,,,,x,,
,Lead ECx-B,TBD, $150.00 ,100," $15,000 "," $2,500 ",2," $5,000 "," $20,000 ","Sun, Jan 31, 2027","Sat, Feb 6, 2027",3,"Mon, Feb 1, 2027",,,,,,,,,,,,,,,,,,,,,,,,,,,,,,,,,,,,,,,,,,,,,,,,,,,,,,,,,,,,50,50,,,,,,,,,,,,,x,,
,ECx Tech-B,TBD, $120.00 ,100," $12,000 "," $2,500 ",2," $5,000 "," $17,000 ","Sun, Jan 31, 2027","Sat, Feb 6, 2027",3,"Mon, Feb 1, 2027",,,,,,,,,,,,,,,,,,,,,,,,,,,,,,,,,,,,,,,,,,,,,,,,,,,,,,,,,,,,50,50,,,,,,,,,,,,,x,,
,ECx Tech-D,TBD, $120.00 ,100," $12,000 "," $2,501 ",2," $5,002 "," $17,002 ","Sun, Jan 31, 2027","Sat, Feb 6, 2027",3,"Mon, Feb 1, 2027",,,,,,,,,,,,,,,,,,,,,,,,,,,,,,,,,,,,,,,,,,,,,,,,,,,,,,,,,,,,50,50,,,,,,,,,,,,,x,,
,Lead MCx-B,TBD, $150.00 ,100," $15,000 "," $2,500 ",2," $5,000 "," $20,000 ","Sun, Jan 31, 2027","Sat, Feb 6, 2027",3,"Mon, Feb 1, 2027",,,,,,,,,,,,,,,,,,,,,,,,,,,,,,,,,,,,,,,,,,,,,,,,,,,,,,,,,,,,50,50,,,,,,,,,,,,,x,,
,MCx Tech-B,TBD, $120.00 ,100," $12,000 "," $2,500 ",2," $5,000 "," $17,000 ","Sun, Jan 31, 2027","Sat, Feb 6, 2027",3,"Mon, Feb 1, 2027",,,,,,,,,,,,,,,,,,,,,,,,,,,,,,,,,,,,,,,,,,,,,,,,,,,,,,,,,,,,50,50,,,,,,,,,,,,,x,,
,MCx Tech-D,TBD, $120.00 ,100," $12,000 "," $2,502 ",2," $5,004 "," $17,004 ","Sun, Jan 31, 2027","Sat, Feb 6, 2027",3,"Mon, Feb 1, 2027",,,,,,,,,,,,,,,,,,,,,,,,,,,,,,,,,,,,,,,,,,,,,,,,,,,,,,,,,,,,50,50,,,,,,,,,,,,,x,,
Phase 5 - Data Halls L4-L5,,,,1750," $228,000 ",,," $87,516 "," $315,516 ",,,,,,,,,,,,,,,,,,,,,,,,,,,,,,,,,,,,,,,,,,,,,,,,,,,,,,,,,,,,,,,,,,,,,,,,,,,,,,x,,
,,,,,,,,,,,,,,,,,,,,,,,,,,,,,,,,,,,,,,,,,,,,,,,,,,,,,,,,,,,,,,,,,,,,,,,,,,,,,,,,,,,,,,,x,,
PHASE 6 - DATA HALL,,,,,,,,,,,,,,,,,,,,,,,,,,,,,,,,,,,,,,,,,,,,,,,,,,,,,,,,,,,,,,,,,,,,,,,,,,,,,,,,,,,,,,,x,,
,Phase 6 - L4 Functional Testing (3 weeks),,,,,,,,,,,,,,,,,,,,,,,,,,,,,,,,,,,,,,,,,,,,,,,,,,,,,,,,,,,,,,,,,,,,,,,,,,,,,,,,,,,,,,x,,
,Lead ECx-A,TBD, $150.00 ,200," $30,000 "," $2,500 ",4," $10,000 "," $40,000 ","Sun, Feb 7, 2027","Sat, Feb 27, 2027",5,"Mon, Feb 8, 2027",,,,,,,,,,,,,,,,,,,,,,,,,,,,,,,,,,,,,,,,,,,,,,,,,,,,,,,,,,,,,50,50,50,50,,,,,,,,,,x,,
,ECx Tech-A,TBD, $120.00 ,200," $24,000 "," $2,500 ",4," $10,000 "," $34,000 ","Sun, Feb 7, 2027","Sat, Feb 27, 2027",5,"Mon, Feb 8, 2027",,,,,,,,,,,,,,,,,,,,,,,,,,,,,,,,,,,,,,,,,,,,,,,,,,,,,,,,,,,,,50,50,50,50,,,,,,,,,,x,,
,ECx Tech-C,TBD, $120.00 ,200," $24,000 "," $2,501 ",4," $10,004 "," $34,004 ","Sun, Feb 7, 2027","Sat, Feb 27, 2027",5,"Mon, Feb 8, 2027",,,,,,,,,,,,,,,,,,,,,,,,,,,,,,,,,,,,,,,,,,,,,,,,,,,,,,,,,,,,,50,50,50,50,,,,,,,,,,x,,
,Lead MCx-A,TBD, $150.00 ,200," $30,000 "," $2,500 ",4," $10,000 "," $40,000 ","Sun, Feb 7, 2027","Sat, Feb 27, 2027",5,"Mon, Feb 8, 2027",,,,,,,,,,,,,,,,,,,,,,,,,,,,,,,,,,,,,,,,,,,,,,,,,,,,,,,,,,,,,50,50,50,50,,,,,,,,,,x,,
,MCx Tech-A,TBD, $120.00 ,200," $24,000 "," $2,500 ",4," $10,000 "," $34,000 ","Sun, Feb 7, 2027","Sat, Feb 27, 2027",5,"Mon, Feb 8, 2027",,,,,,,,,,,,,,,,,,,,,,,,,,,,,,,,,,,,,,,,,,,,,,,,,,,,,,,,,,,,,50,50,50,50,,,,,,,,,,x,,
,MCx Tech-C,TBD, $120.00 ,200," $24,000 "," $2,502 ",4," $10,008 "," $34,008 ","Sun, Feb 7, 2027","Sat, Feb 27, 2027",5,"Mon, Feb 8, 2027",,,,,,,,,,,,,,,,,,,,,,,,,,,,,,,,,,,,,,,,,,,,,,,,,,,,,,,,,,,,,50,50,50,50,,,,,,,,,,x,,
,Phase 6 - L5 IST (2 weeks),,,,,,,,,,,,,,,,,,,,,,,,,,,,,,,,,,,,,,,,,,,,,,,,,,,,,,,,,,,,,,,,,,,,,,,,,,,,,,,,,,,,,,x,,
,Lead ECx-A,TBD, $150.00 ,100," $15,000 "," $2,500 ",2," $5,000 "," $20,000 ","Sun, Mar 7, 2027","Sat, Mar 13, 2027",3,"Mon, Mar 8, 2027",,,,,,,,,,,,,,,,,,,,,,,,,,,,,,,,,,,,,,,,,,,,,,,,,,,,,,,,,,,,,,,,,50,50,,,,,,,,x,,
,ECx Tech-A,TBD, $120.00 ,100," $12,000 "," $2,500 ",2," $5,000 "," $17,000 ","Sun, Mar 7, 2027","Sat, Mar 13, 2027",3,"Mon, Mar 8, 2027",,,,,,,,,,,,,,,,,,,,,,,,,,,,,,,,,,,,,,,,,,,,,,,,,,,,,,,,,,,,,,,,,50,50,,,,,,,,x,,
,ECx Tech-C,TBD, $120.00 ,100," $12,000 "," $2,501 ",2," $5,002 "," $17,002 ","Sun, Mar 7, 2027","Sat, Mar 13, 2027",3,"Mon, Mar 8, 2027",,,,,,,,,,,,,,,,,,,,,,,,,,,,,,,,,,,,,,,,,,,,,,,,,,,,,,,,,,,,,,,,,50,50,,,,,,,,x,,
,Lead MCx-A,TBD, $150.00 ,100," $15,000 "," $2,500 ",2," $5,000 "," $20,000 ","Sun, Mar 7, 2027","Sat, Mar 13, 2027",3,"Mon, Mar 8, 2027",,,,,,,,,,,,,,,,,,,,,,,,,,,,,,,,,,,,,,,,,,,,,,,,,,,,,,,,,,,,,,,,,50,50,,,,,,,,x,,
,MCx Tech-A,TBD, $120.00 ,100," $12,000 "," $2,500 ",2," $5,000 "," $17,000 ","Sun, Mar 7, 2027","Sat, Mar 13, 2027",3,"Mon, Mar 8, 2027",,,,,,,,,,,,,,,,,,,,,,,,,,,,,,,,,,,,,,,,,,,,,,,,,,,,,,,,,,,,,,,,,50,50,,,,,,,,x,,
,MCx Tech-C,TBD, $120.00 ,100," $12,000 "," $2,502 ",2," $5,004 "," $17,004 ","Sun, Mar 7, 2027","Sat, Mar 13, 2027",3,"Mon, Mar 8, 2027",,,,,,,,,,,,,,,,,,,,,,,,,,,,,,,,,,,,,,,,,,,,,,,,,,,,,,,,,,,,,,,,,50,50,,,,,,,,x,,
Phase 5 - Data Halls L4-L5,,,,1800," $234,000 ",,," $90,018 "," $324,018 ",,,,,,,,,,,,,,,,,,,,,,,,,,,,,,,,,,,,,,,,,,,,,,,,,,,,,,,,,,,,,,,,,,,,,,,,,,,,,,,,
Grand Total,,,,40910," $6,172,900 ",,," $2,030,079 "," $8,202,979 ",,,,,,,,,,,,,,,,,,,,,,,,,,,,,,,,,,,,,,,,,,,,,,,,,,,,,,,,,,,,,,,,,,,,,,,,,,,,,,,,
,,,,,,,,," $6,558,779 ",,,,,,,,,,,,,,,,,,,,,,,,,,,,,,,,,,,,,,,,,,,,,,,,,,,,,,,,,,,,,,,,,,,,,,,,,,,,,,,,
,,,,,,,,,,,,,,,,,,,,,,,,,,,,,,,,,,,,,,,,,,,,,,,,,,,,,,,,,,,,,,,,,,,,,,,,,,,,,,,,,,,,,,,,,
,,,,,,,,216," $30,365 ",,,Grey Team,Cx Manager,50,30,30,50,50,50,50,50,50,50,50,50,50,50,50,50,50,50,50,50,40,50,50,50,50,50,50,50,50,40,50,50,50,50,50,50,50,50,50,50,50,50,50,50,50,50,50,50,50,50,30,50,50,30,30,50,50,50,50,50,50,50,50,50,50,50,50,0,0,,,,,,,
,,,,,,,,,,,,Grey Team,Cx Scheduler/Coordinator,50,30,30,50,50,50,50,50,50,50,50,50,50,50,50,50,50,50,50,50,40,50,50,50,50,50,50,50,50,40,50,50,50,50,50,50,50,50,50,50,50,50,50,50,50,50,50,50,50,50,30,50,50,30,30,50,50,50,50,50,50,50,50,50,50,0,0,0,0,,,,,,,
,,,,, $150.89 ,,,, $200.51 ,,,Grey Team,Doc Control-A,50,30,30,50,50,50,50,50,50,50,50,50,50,50,50,50,50,50,50,50,40,50,50,50,50,50,50,50,50,40,50,50,50,50,50,50,50,50,50,50,50,50,50,50,50,50,50,50,50,50,30,50,50,30,30,50,50,50,50,50,50,50,50,50,50,50,50,0,0,,,,,,,
,,,,,,,,,,,,Grey Team,Doc Control-B,0,0,0,0,0,0,0,0,0,0,0,0,0,0,0,0,0,0,0,0,0,0,0,0,0,0,0,0,0,0,0,0,0,0,0,0,0,0,0,0,0,0,0,0,0,0,0,0,0,0,0,0,0,0,0,0,0,0,0,0,0,0,0,0,0,0,0,0,0,,,,,,9590,24%
,,,,,,,,,,,,Blue Team,Lead ECx-A,0,0,0,0,50,50,50,50,50,50,50,50,50,50,50,50,50,50,50,50,40,50,50,50,50,50,50,50,50,40,50,50,50,0,0,0,0,0,0,50,50,50,50,50,50,0,0,0,0,50,30,50,50,30,30,50,0,0,0,0,50,50,50,50,50,50,0,0,0,,,,,,,
,,,,,,,,,,,,Blue Team,Lead ECx-B,0,0,0,0,50,50,50,50,50,50,50,50,50,50,50,50,50,50,50,50,40,50,50,50,50,50,50,50,50,40,50,50,50,50,50,50,50,50,50,0,0,0,0,0,50,50,50,50,50,50,0,0,0,0,0,50,50,50,50,50,50,0,0,0,0,0,0,0,0,,,,,,,
,,,,,,,,,,,,Blue Team,Lead MCx-A,0,0,0,0,50,50,50,50,50,50,50,50,50,50,50,50,50,50,50,50,40,50,50,50,50,50,50,50,50,40,50,50,50,50,50,50,50,50,50,50,50,50,50,50,50,0,0,0,0,50,30,50,50,30,30,50,0,0,0,0,50,50,50,50,50,50,0,0,0,,,,,,,
,,,,,,,,,,,,Blue Team,Lead MCx-B,0,0,0,0,0,0,0,0,0,0,0,0,0,0,0,0,0,0,0,0,0,0,0,0,0,0,0,0,0,0,0,0,50,50,50,50,50,50,50,0,0,0,0,0,50,50,50,50,50,50,0,0,0,0,0,50,50,50,50,50,50,0,0,0,0,0,0,0,0,,,,,,,
,,,,,,,,,,,,Blue Team,ECx Tech-A,0,0,0,0,0,0,0,0,0,0,0,50,50,50,50,50,50,50,50,50,40,50,50,50,50,50,50,50,50,40,50,50,50,50,50,50,50,50,50,50,50,50,50,50,50,0,0,0,0,50,30,50,50,30,30,50,0,0,0,0,50,50,50,50,50,50,0,0,0,,,,,,,
,,,,,,,,,,,,Blue Team,ECx Tech-B,0,0,0,0,50,50,50,50,50,50,50,50,50,50,50,50,50,50,50,50,40,50,50,50,50,50,50,50,50,40,50,50,50,50,50,50,50,50,50,0,0,0,0,0,50,50,50,50,50,50,0,0,0,0,0,50,50,50,50,50,50,0,0,0,0,0,0,0,0,,,,,,,
,,,,,,,,,,,,Blue Team,MCx Tech-A,0,0,0,0,50,50,50,50,50,50,50,50,50,50,50,50,50,50,50,50,40,50,50,50,50,50,50,50,50,40,50,50,50,50,50,50,50,50,50,50,50,50,50,50,50,0,0,0,0,50,30,50,50,30,30,50,0,0,0,0,50,50,50,50,50,50,0,0,0,,,,,,,
,,,,,,,,,,,,Blue Team,MCx Tech-B,0,0,0,0,0,0,0,0,0,0,0,0,0,0,0,0,0,0,0,0,0,0,0,0,0,0,0,0,0,0,0,0,50,50,50,50,50,50,50,0,0,0,0,0,50,50,50,50,50,50,0,0,0,0,0,50,50,50,50,50,50,0,0,0,0,0,0,0,0,,,,,,16390,41%
,,,,,,,,,,,,Yellow Team,Lead ECx-C,0,0,0,0,50,50,50,50,50,50,50,50,50,50,50,50,50,50,50,50,40,50,50,50,50,50,50,50,50,40,50,50,50,50,50,50,50,50,50,0,0,0,0,0,0,0,0,0,0,0,0,0,0,0,0,0,0,0,0,0,0,0,0,0,0,0,0,0,0,,,,,,,
,,,,,,,,,,,,Yellow Team,Lead ECx-D,0,0,0,0,0,0,0,0,0,0,0,50,50,50,50,50,50,50,50,50,40,50,50,50,50,50,50,50,50,40,50,50,50,50,50,50,50,50,50,50,50,50,50,50,50,50,50,50,50,50,30,50,50,0,0,0,0,0,0,0,0,0,0,0,0,0,0,0,0,,,,,,,
,,,,,,,,,,,,Yellow Team,Lead MCx-C,0,0,0,0,0,0,0,0,0,0,0,50,50,50,50,50,50,50,50,50,40,50,50,50,50,50,50,50,50,40,50,50,50,50,50,50,50,50,50,50,50,50,50,50,50,50,50,50,50,50,30,50,0,0,0,0,0,0,0,0,0,0,0,0,0,0,0,0,0,,,,,,,
,,,,,,,,,,,,Yellow Team,Lead MCx-D,0,0,0,0,0,0,0,0,0,0,0,50,50,50,50,50,50,50,50,50,40,50,50,50,50,50,50,50,50,40,50,50,50,50,50,50,50,50,50,50,50,50,50,50,50,50,50,50,50,50,30,0,0,0,0,0,0,0,0,0,0,0,0,0,0,0,0,0,0,,,,,,,
,,,,,,,,,,,,Yellow Team,ECx Tech-C,0,0,0,0,50,50,50,50,50,50,50,50,50,50,50,50,50,50,50,50,40,50,50,50,50,50,50,50,50,40,50,50,50,0,0,0,0,0,50,50,50,50,50,50,50,0,0,0,0,50,30,50,50,30,30,50,0,0,0,0,50,50,50,50,50,50,0,0,0,,,,,,,
,,,,,,,,,,,,Yellow Team,ECx Tech-D,0,0,0,0,50,50,50,50,50,50,50,50,50,50,50,50,50,50,50,50,40,50,50,50,50,50,50,50,50,40,50,50,50,50,50,50,50,50,50,0,0,0,0,0,50,50,50,50,50,50,0,0,0,0,0,50,50,50,50,50,50,0,0,0,0,0,0,0,0,,,,,,,
,,,,,,,,,,,,Yellow Team,MCx Tech-C,0,0,0,0,0,0,0,0,0,0,0,0,0,0,0,0,0,0,0,0,0,0,0,0,0,0,0,0,0,0,0,0,0,0,0,0,0,0,50,50,50,50,50,50,50,0,0,0,0,0,30,50,50,30,30,50,0,0,0,0,50,50,50,50,0,0,0,0,0,,,,,,,
,,,,,,,,,,,,Yellow Team,MCx Tech-D,0,0,0,0,0,0,0,0,0,0,0,0,0,0,0,0,0,0,0,0,0,0,0,0,0,0,0,0,0,0,0,0,50,50,50,50,50,50,50,0,0,0,0,0,50,50,50,50,50,50,30,50,50,30,30,50,50,50,50,50,50,0,0,0,0,0,0,0,0,,,,,,14390,36%
,,,,,,,,,,,,,,,,,,,,,,,,,,,,,,,,,,,,,,,,,,,,,,,,,,,,,,,,,,,,,,,,,,,,,,,,,,,,,,,,,,,,,,,,,
,,,,,,,,,,,,,Total Labor Hours Allocated by Week:,150,90,90,150,550,550,550,550,550,550,550,750,750,750,750,750,750,750,750,750,600,750,750,750,750,750,750,750,750,600,750,750,900,800,800,800,800,800,900,600,600,600,600,600,900,600,600,600,600,850,390,600,550,300,300,750,450,450,450,450,750,450,450,450,400,350,100,0,0,,,,,,40370,100%
,,,,,,,,,,,,,,,,,,,,,,,,,,,,,,,,,,,,,,,,,,,,,,,,,,,,,,,,,,,,,,,,,,,,,,,,,,,,,,,,,,,,,,,,,
,,,,,,,,,,,,,Total Resources Allocated by Week:,3,1.8,2.8125,4.6875,11,11,11,11,11,11,11,15,15,15,15,15,15,15,15,15,15,15,15,15,15,15,15,15,15,15,15,15,18,16,16,16,16,16,18,12,12,12,12,12,18,12,12,12,12,17,13,12,11,10,10,15,9,9,9,9,15,9,9,9,8,7,2,0,0,,,,,,,
